Name,War,G,GS,GR,GF,CG,SHO,W,L,S,HD,IP,ER,R,Rra,TBF,H,2B,3B,HR,BB,HP,IB,SO,ROE,BK,wild pitch,ERA,RA9,rRA9,rRA9pf,FIP,WHIP,K/9,BB/9,K/BB,HR/9,K%,BB%,K-BB%,BABIP,LOB,xFIP,kwERA,ERA-FIP,ERA-,rRA9-,FIP-,AVG,OBP,SLG,OPS,NP,P/G,P/IP,P/PA,QS,QS%,QS+,QS+%,QH,TL,CW,RS,RS9,start W,start L,W%,start BW,start BL,strat BQ,start BQS,start BQS%,IP/GS,P/GS,AGS,starter waa,starter war,2time,3time,plus 1,SV,HD_1,BLSV,BLHD,BL+,save%,TS,TH,TBS,TBH,SD,MD,IR,IRS,IRS%,BQ,BQS,BQS%,IP/GR,P/GR,gmLI,closer war,BABIP_2,BIP,GB%,ifFB%,ofFB%,FB%,LD%,GB/FB,HR/FB%,if1B%,PFR,PF1,PF2,PF3,PFH,PFslg
알칸타라,8.89,31,31,0,1,1,0,20,2,0,0,198.2,56,58,57.3,795,174,38,3,12,30,9,0,182,4,1,3,2.54,2.63,2.6,2.84,3.03,1.03,8.25,1.36,6.07,0.54,22.9,3.8,19.1,0.289,79.1,2.41,3.11,-0.5,56.81,57.95,67.9,0.232,0.269,0.339,0.608,3144,101.4,15.8,3.95,27,87.1,13,41.9,0,0,0,138,6.3,24,6,80,0,0,5,1,20,6.41,101.42,60.32,5.35,8.89,0,0,0,0,0,0,0,0,,0,0,0,0,20,5,0,0,,5,1,20,,,,,0.289,560,44.4,7.8,45.1,53,2.6,0.8,3.9,5.7,,,,,,
플렉센,3.98,21,21,0,0,0,0,8,4,0,0,116.2,39,43,43,472,97,14,0,6,30,2,2,132,3,0,5,3.01,3.32,3.32,3.73,2.58,1.09,10.18,2.31,4.4,0.46,28,6.4,21.6,0.307,71.1,2.05,2.81,0.43,67.37,76.14,57.67,0.226,0.277,0.3,0.577,1953,93,16.7,4.14,12,57.1,5,23.8,7,0,0,66,5.1,13,8,61.9,0,0,2,0,0,5.56,93,57.9,1.91,3.98,0,0,0,0,0,0,0,0,,0,0,0,0,10,8,0,0,,2,0,0,,,,,0.307,296,45.8,7.5,42.9,50.3,3.9,0.9,3.9,18.6,,,,,,
최원준,3.63,42,18,24,3,0,0,10,2,0,0,123,52,52,54.55,532,134,23,3,15,35,7,0,94,4,1,2,3.8,3.8,3.99,4.1,4.59,1.37,6.88,2.56,2.69,1.1,17.7,6.6,11.1,0.314,80,3.27,4.07,-0.79,85.2,83.87,102.87,0.277,0.332,0.43,0.762,2148,51.1,17.5,4.04,4,22.2,1,5.6,10,0,0,92,8.9,11,6,64.7,0,0,16,5,31.3,5.17,91.78,51.78,1.92,3.57,3,0,8,0,0,0,1,1,0,0,0,0,1,13,9,13,10,76.9,16,5,31.3,1.25,20.67,0.64,0.06,0.314,379,33.6,6.6,56.8,63.4,3,0.5,6,5.2,,,,,,
이영하,2.41,42,19,23,20,0,0,5,11,6,0,132,68,78,78,605,148,26,1,9,66,5,3,85,7,1,4,4.64,5.32,5.32,5.45,4.82,1.62,5.8,4.5,1.29,0.61,14,10.9,3.1,0.321,68.4,4.12,5.02,-0.18,103.82,111.34,107.86,0.284,0.366,0.39,0.756,2235,53.2,16.9,3.69,7,36.8,1,5.3,1,0,0,79,6.7,9,10,47.4,0,0,13,4,30.8,5.58,97.11,41.37,-1.02,0.86,3,0,7,6,0,2,0,2,75,0,0,1,0,12,18,11,3,27.3,13,4,30.8,1.13,16.96,1.7,1.55,0.321,433,43.7,4.5,47.9,52.3,4,0.8,3.8,7.4,,,,,,
박치국,1.75,63,0,63,9,0,0,4,4,0,7,71.2,23,34,31.15,317,65,12,2,5,34,5,4,66,7,0,1,2.89,4.27,3.91,4.25,4.04,1.38,8.29,4.27,1.94,0.63,20.8,10.7,10.1,0.294,72.2,3.28,4.19,-1.15,64.67,86.85,90.39,0.238,0.331,0.352,0.683,1230,19.5,17.2,3.88,0,,0,,0,0,0,50,,0,0,,0,0,33,14,42.4,,,,,,14,3,19,0,7,1,2,3,70,0,0,0,1,15,9,31,10,32.3,33,14,42.4,1.14,19.52,1.04,1.75,0.294,204,53.8,3.8,37.3,41,5.2,1.3,5.7,9.2,,,,,,
유희관,1.49,27,27,0,0,0,0,10,11,0,0,136.1,76,91,87.05,622,190,37,5,14,39,3,4,56,8,0,1,5.02,6.01,5.75,6.05,5.15,1.68,3.7,2.58,1.44,0.92,9,6.3,2.7,0.351,66.5,4.06,5.07,-0.13,112.34,123.7,115.21,0.335,0.378,0.491,0.869,2373,87.9,17.4,3.82,9,33.3,4,14.8,6,0,0,115,7.6,12,14,46.2,0,0,14,7,50,5.05,87.89,42,-0.93,1.49,0,0,0,0,0,0,0,0,,0,0,0,0,10,14,0,0,,14,7,50,,,,,0.351,502,40.3,4.6,51.3,55.9,3.8,0.7,4.8,5.8,,,,,,
함덕주,1.04,36,6,30,19,0,0,5,1,10,2,55.1,24,25,28.75,240,55,7,0,2,21,0,2,55,1,0,7,3.9,4.07,4.68,4.97,3.06,1.37,8.95,3.42,2.62,0.33,22.9,8.8,14.2,0.327,69.9,2.74,3.7,0.84,87.41,101.5,68.54,0.255,0.317,0.315,0.632,972,27,17.6,4.05,1,16.7,0,0,4,0,0,47,16.7,4,1,80,0,0,13,3,23.1,4.22,71.17,48.83,0.14,0.59,6,0,9,10,2,3,0,3,80,0,1,2,0,14,9,29,9,31,13,3,23.1,1,18.17,1.77,0.45,0.327,162,43.3,8.5,47,55.5,1.2,0.8,2.2,1.8,,,,,,
김민규,0.93,29,4,25,8,0,0,1,2,1,0,53.1,29,30,28.3,231,47,14,0,3,22,3,2,54,2,0,1,4.89,5.06,4.78,5.01,3.53,1.29,9.11,3.71,2.45,0.51,23.4,9.5,13.9,0.299,61.8,2.98,3.74,1.37,109.58,102.45,79,0.23,0.314,0.343,0.657,998,34.4,18.7,4.32,0,0,0,0,3,0,0,12,6,1,3,25,0,0,8,7,87.5,4.5,90,48.75,0.14,0.46,5,1,10,1,0,1,1,2,33.3,0,0,0,0,7,3,14,4,28.6,8,7,87.5,1.41,25.52,0.57,0.47,0.299,147,30.3,11.2,57.2,68.4,1.3,0.4,2.9,2.1,,,,,,
윤명준,0.57,42,0,42,13,0,0,1,0,2,7,41,22,24,23.35,185,51,6,1,4,13,1,1,20,3,0,1,4.83,5.27,5.13,5.23,5,1.56,4.39,2.85,1.54,0.88,10.8,7,3.8,0.329,69.5,3.95,4.95,-0.17,108.13,106.93,111.85,0.315,0.359,0.438,0.797,651,15.5,15.9,3.52,0,,0,,0,0,0,17,,0,0,,0,0,17,5,29.4,,,,,,9,1,10,2,7,0,0,0,100,0,0,0,0,6,5,20,5,25,17,5,29.4,0.98,15.5,0.71,0.57,0.329,143,48.3,2,46.4,48.3,3.3,1,5.5,13.7,,,,,,
이현승,0.45,62,0,62,6,0,0,2,1,2,10,42.1,25,27,24.55,195,48,9,2,2,21,2,0,42,1,1,3,5.31,5.74,5.22,5.53,3.76,1.63,8.93,4.47,2,0.43,21.5,10.8,10.8,0.368,64.7,3.3,4.11,1.55,119.01,113.06,84.22,0.286,0.37,0.399,0.769,783,12.6,18.5,4.02,0,,0,,0,0,0,15,,0,0,,0,0,40,17,42.5,,,,,,17,1,6,2,10,2,1,3,80,0,0,1,1,10,11,40,13,32.5,40,17,42.5,0.68,12.63,1.07,0.45,0.368,125,40.8,6.9,45.4,52.3,6.9,0.8,2.9,12.5,,,,,,
박종기,0.38,8,5,3,0,0,0,1,2,0,0,26,16,16,14.8,117,30,6,0,3,14,0,0,20,0,0,1,5.54,5.54,5.12,5.81,5.11,1.69,6.92,4.85,1.43,1.04,17.1,12,5.1,0.338,70,3.85,4.78,0.42,124.01,118.8,114.52,0.294,0.376,0.441,0.817,477,59.6,18.3,4.08,1,20,0,0,3,0,0,16,6.3,1,4,20,0,0,6,4,66.7,4.6,80,44.8,0.04,0.45,0,0,1,0,0,0,0,0,,0,0,0,0,3,1,2,2,100,6,4,66.7,1,25.67,0.18,-0.07,0.338,80,43.4,2.4,51.8,54.2,2.4,0.8,6.7,10,,,,,,
김명신,0.38,16,0,16,4,0,0,0,1,0,0,15.1,6,6,6,72,20,4,0,3,4,3,0,11,1,0,0,3.52,3.52,3.52,3.96,5.95,1.57,6.46,2.35,2.75,1.76,15.3,5.6,9.7,0.347,91.3,3.73,4.23,-2.42,78.86,80.97,133.12,0.317,0.386,0.524,0.91,269,16.8,17.5,3.74,0,,0,,0,0,0,8,,0,0,,0,0,5,0,0,,,,,,4,0,3,0,0,0,1,1,0,0,0,0,0,2,2,4,0,0,5,0,0,0.96,16.81,0.61,0.38,0.347,49,48.1,3.7,46.3,50,1.9,1,11.1,10,,,,,,
이승진,0.3,33,5,28,2,0,0,2,4,0,5,51.1,32,33,34.4,228,55,12,2,3,22,2,1,54,5,0,0,5.61,5.79,6.03,6.24,3.51,1.5,9.47,3.86,2.45,0.53,23.7,9.6,14,0.359,61.3,2.92,3.72,2.1,125.63,127.53,78.6,0.275,0.35,0.4,0.75,989,30,19.3,4.34,1,20,0,0,1,0,0,32,13.5,2,3,40,0,0,15,7,46.7,4.27,90.4,42.6,-0.34,0.04,12,2,10,0,5,1,1,2,71.4,0,2,0,1,10,8,24,8,33.3,15,7,46.7,1.07,19.18,1.23,0.26,0.359,145,44.7,4,51.3,55.3,0,0.8,3.6,5.5,,,,,,
홍건희,0.25,50,0,50,13,0,0,3,4,1,8,56.2,30,31,34.95,251,63,12,1,5,20,5,0,51,3,0,3,4.76,4.92,5.55,6.06,4.16,1.46,8.1,3.18,2.55,0.79,20.3,8,12.4,0.345,70.4,3.22,3.92,0.6,106.69,123.85,93.21,0.283,0.353,0.413,0.766,1023,20.5,18.1,4.08,0,,0,,0,0,0,22,,0,0,,0,0,18,5,27.8,,,,,,12,2,15,1,8,3,1,4,69.2,0,1,0,0,15,11,29,12,41.4,18,5,27.8,1.13,20.46,1.21,0.25,0.345,168,41.7,6.3,49.7,56,2.3,0.7,5.1,6.3,,,,,,
권휘,0.2,14,0,14,6,0,0,0,1,0,1,13.2,8,8,7.35,63,16,2,0,1,6,2,0,10,1,0,2,5.27,5.27,4.84,5.1,4.85,1.61,6.59,3.95,1.67,0.66,15.9,9.5,6.3,0.341,69.6,4.07,4.64,0.42,117.97,104.2,108.63,0.291,0.381,0.382,0.763,215,15.4,15.7,3.41,0,,0,,0,0,0,2,,0,0,,0,0,4,3,75,,,,,,4,0,3,0,1,0,0,0,100,0,0,0,0,0,2,8,2,25,4,3,75,0.98,15.36,0.52,0.2,0.341,44,57.8,4.4,37.8,42.2,0,1.4,5.3,12.5,,,,,,
채지선,0.11,37,0,37,9,0,0,1,0,0,2,33,18,18,20.35,158,34,3,1,3,24,5,1,34,0,0,11,4.91,4.91,5.55,6.36,5.23,1.76,9.27,6.55,1.42,0.82,21.5,15.2,6.3,0.341,76.3,4.24,4.64,-0.32,109.92,129.9,117.01,0.266,0.401,0.375,0.776,654,17.7,19.8,4.14,0,,0,,0,0,0,23,,0,0,,0,0,21,8,38.1,,,,,,8,1,8,0,2,0,0,0,100,0,0,0,0,6,4,30,13,43.3,21,8,38.1,0.89,17.68,0.79,0.11,0.341,91,46.3,2.1,51.6,53.7,0,0.9,5.9,11.8,,,,,,
최세창,0.04,3,0,3,2,0,0,0,0,0,0,3,1,2,2,15,5,0,0,1,0,0,0,1,1,0,0,3,6,6,5.56,7.13,1.67,3,0,,3,6.7,0,6.7,0.308,75,3.37,4.6,-4.13,67.17,113.64,159.62,0.333,0.333,0.533,0.866,47,15.7,15.7,3.13,0,,0,,0,0,0,2,,0,0,,0,0,2,0,0,,,,,,0,0,1,0,0,0,0,0,,0,0,0,0,0,0,0,0,,2,0,0,1,15.67,0.08,0.04,0.308,13,28.6,0,71.4,71.4,0,0.4,10,0,,,,,,
배창현,0.01,1,0,1,0,0,0,0,0,0,0,0.1,0,0,0,3,0,0,0,0,2,0,0,0,0,0,0,0,0,0,0,22.6,6,0,54,0,0,0,66.7,-66.7,0,100,22.79,13.4,-22.6,0,0,505.94,0,0.667,0,0.667,13,13,39,4.33,0,,0,,0,0,0,0,,0,0,,0,0,2,0,0,,,,,,0,0,0,0,0,0,0,0,,0,0,0,0,0,0,0,0,,2,0,0,0.33,13,0,0.01,0,1,0,0,100,100,0,0,0,,,,,,,
이주엽,0.01,4,0,4,2,0,0,0,0,0,0,3.1,3,3,3,19,3,1,0,0,7,0,0,2,0,0,1,8.1,8.1,8.1,7.28,9.01,3,5.4,18.9,0.29,0,10.5,36.8,-26.3,0.3,70,9.1,8.56,-0.91,181.37,148.78,201.64,0.273,0.526,0.364,0.89,80,20,24,4.21,0,,0,,0,0,0,0,,0,0,,0,0,4,0,0,,,,,,1,0,0,0,0,0,0,0,,0,0,0,0,0,0,0,0,,4,0,0,0.83,20,0.11,0.01,0.3,10,50,20,30,50,0,1,0,0,,,,,,
이동원,-0.01,1,0,1,0,0,0,0,0,0,0,0,2,2,0.95,2,0,0,0,0,2,0,0,0,0,0,0,99.99,99.99,30.88,35.01,6204,99.99,,,0,,0,100,-100,,0,6204,17.4,-6104.01,2238.92,715.33,138917,,1,,,9,9,,4.5,0,,0,,0,0,0,0,,0,0,,0,0,2,2,100,,,,,,0,0,0,0,0,0,0,0,,0,0,0,0,0,0,1,0,0,2,2,100,0,9,0.17,-0.01,,0,,,,,,,,,,,,,,
조제영,-0.05,4,1,3,3,0,0,0,1,0,0,6,7,7,5.45,31,6,1,0,1,7,1,0,6,0,0,1,10.5,10.5,8.18,7.58,7.61,2.17,9,10.5,0.86,1.5,19.4,22.6,-3.2,0.313,53.8,5.75,5.79,2.89,235.11,154.99,170.44,0.261,0.452,0.435,0.887,136,34,22.7,4.39,0,0,0,0,0,0,0,4,12,0,1,0,0,0,3,3,100,3,77,28,-0.18,-0.13,1,1,0,0,0,0,0,0,,0,0,0,0,0,1,0,0,,3,3,100,1,19.67,0.02,0.08,0.313,16,35.3,0,64.7,64.7,0,0.5,9.1,16.7,,,,,,
권혁,-0.1,15,0,15,1,0,0,2,2,0,2,7.2,8,9,6.45,38,11,1,1,0,4,0,0,7,2,0,1,9.39,10.57,7.57,8.01,3.33,1.96,8.22,4.7,1.75,0,18.4,10.5,7.9,0.407,40,3.42,4.45,6.06,210.29,163.67,74.56,0.324,0.395,0.412,0.807,153,10.2,20,4.03,0,,0,,0,0,0,7,,0,0,,0,0,15,9,60,,,,,,3,0,0,0,2,0,0,0,100,0,1,0,0,2,4,9,3,33.3,15,9,60,0.51,10.2,0.84,-0.1,0.407,27,55.6,0,40.7,40.7,3.7,1.4,0,18.2,,,,,,
이교훈,-0.11,5,0,5,1,0,0,0,0,0,0,4.1,5,6,5.3,24,6,2,0,1,4,0,0,3,1,0,1,10.38,12.46,11.01,11.58,7.87,2.31,6.23,8.31,0.75,2.08,12.5,16.7,-4.2,0.313,44.4,5.3,5.9,2.51,232.53,236.65,176.27,0.316,0.417,0.579,0.996,88,17.6,20.3,3.67,0,,0,,0,0,0,2,,0,0,,0,0,3,3,100,,,,,,1,0,1,0,0,0,0,0,,0,0,0,0,0,0,5,2,40,3,3,100,0.87,17.6,0.19,-0.11,0.313,16,29.4,5.9,64.7,70.6,0,0.4,8.3,16.7,,,,,,
이용찬,-0.17,5,5,0,0,0,0,1,3,0,0,26.2,25,25,24.15,125,41,8,0,7,6,0,0,15,0,0,1,8.44,8.44,8.15,8.36,6.41,1.76,5.06,2.03,2.5,2.36,12,4.8,7.2,0.362,59.5,3.4,4.54,2.03,188.93,170.79,143.53,0.353,0.385,0.603,0.988,467,93.4,17.5,3.74,1,20,0,0,0,0,0,19,6.4,2,3,40,0,0,3,2,66.7,5.33,93.4,33.8,-0.64,-0.17,0,0,0,0,0,0,0,0,,0,0,0,0,0,4,0,0,,3,2,66.7,,,,,0.362,94,51.9,3.8,41.3,45.2,2.9,1.1,14.9,2.4,,,,,,
박신지,-0.18,2,0,2,2,0,0,0,0,0,0,3,6,6,6,18,9,3,1,0,1,0,0,3,0,0,1,18,18,18,19.29,2.53,3.33,9,3,3,0,16.7,5.6,11.1,0.643,40,2.68,4.07,15.47,403.05,394.26,56.62,0.529,0.556,0.824,1.38,67,33.5,22.3,3.72,0,,0,,0,0,0,3,,0,0,,0,0,0,0,,,,,,,0,0,1,0,0,0,0,0,,0,0,0,0,0,0,0,0,,0,0,,1.5,33.5,0.02,-0.18,0.643,14,35.7,0,50,50,14.3,0.7,0,0,,,,,,
장원준,-0.21,2,2,0,0,0,0,0,1,0,0,5.2,8,8,8,30,9,2,0,1,6,0,0,2,0,0,0,12.71,12.71,12.71,12.67,8.5,2.65,3.18,9.53,0.33,1.59,6.7,20,-13.3,0.381,50,6.51,7,4.21,284.5,258.97,190.22,0.375,0.5,0.583,1.083,126,63,22.2,4.2,0,0,0,0,0,0,0,1,1.6,0,2,0,0,0,0,0,,2.83,63,31.5,-0.31,-0.21,0,0,0,0,0,0,0,0,,0,0,0,0,0,2,0,0,,0,0,,,,,,0.381,21,54.5,0,45.5,45.5,0,1.2,10,0,,,,,,
문대원,-0.27,4,0,4,2,0,0,0,0,0,0,5.2,6,9,9.85,30,12,3,0,2,2,0,0,0,1,0,0,9.53,14.29,15.64,14.94,9.29,2.47,0,3.18,0,3.18,0,6.7,-6.7,0.385,45.5,5.24,6.2,0.24,213.38,305.36,208,0.444,0.467,0.778,1.245,112,28,19.8,3.73,0,,0,,0,0,0,0,,0,0,,0,0,0,0,,,,,,,0,0,2,0,0,0,0,0,,0,0,0,0,0,1,2,2,100,0,0,,1.42,28,0.23,-0.27,0.385,26,50,10.7,35.7,46.4,3.6,1.1,15.4,0,,,,,,
김강률,-0.58,30,0,30,10,0,0,2,2,0,0,28,11,22,25.75,141,36,6,2,1,20,4,0,28,2,0,0,3.54,7.07,8.28,9.23,4.58,2,9,6.43,1.4,0.32,19.9,14.2,5.7,0.398,64.4,4.25,4.72,-1.04,79.17,188.53,102.49,0.31,0.426,0.422,0.848,552,18.4,19.7,3.91,0,,0,,0,0,0,23,,0,0,,0,0,17,2,11.8,,,,,,5,1,5,0,0,0,1,1,0,0,0,0,1,2,4,18,9,50,17,2,11.8,0.93,18.4,0.67,-0.58,0.398,88,49.4,6.7,42.7,49.4,1.1,1,2.3,2.8,,,,,,
이형범,-0.82,27,0,27,8,0,0,1,2,1,1,25.2,22,22,24.25,122,30,6,0,5,16,2,2,13,1,0,1,7.71,7.71,8.5,9.2,7.1,1.79,4.56,5.61,0.81,1.75,10.7,13.1,-2.5,0.294,63.4,4.9,5.7,0.61,172.73,188.03,158.99,0.291,0.397,0.495,0.892,444,16.4,17.3,3.64,0,,0,,0,0,0,21,,0,0,,0,0,11,5,45.5,,,,,,4,0,7,1,1,2,0,2,50,0,0,1,0,1,6,20,9,45,11,5,45.5,0.95,16.44,1.23,-0.82,0.294,85,41.8,8.8,41.8,50.5,7.7,0.8,10.9,0,,,,,,
